TEXT,POSITIVE,NEGATIVE,FRUSTRATION,CHILL GUY,HUMOROUS
That was slick bro 🔥,1,0,0,0,0
Bro this adda session was mad fun 😎,1,0,0,0,0
We crushed that quiz fr 💯,1,0,0,0,0
Mess pizza tonight was a W 🍕,1,0,0,0,0
"Lab report done, vibe check passed ✨",1,0,0,0,0
Yo that project idea was so goated 🥳,1,0,0,0,0
Lecture was chill af 😌,1,0,0,0,0
Just aced the coding lab 💻🔥,1,0,0,0,0
Group chat today was peak mood 🤩,1,0,0,0,0
That hackathon win tho 💯,1,0,0,0,0
Bro the canteen biryani slaps fr 🍛,1,0,0,0,0
"Got the last seat in class, vibe strong 😎",1,0,0,0,0
Hostel rooftop session was legendary 🌟,1,0,0,0,0
Friday night movie was a W 🎬,1,0,0,0,0
That assignment submission was smooth af 📝,1,0,0,0,0
Practicals went better than expected fr 😇,1,0,0,0,0
"Bro, your outfit today is fire 🔥",1,0,0,0,0
Mess dessert is a whole vibe 🍨✨,1,0,0,0,0
"Quiz scores came, feeling elite 💯",1,0,0,0,0
Lab partner was clutch today 🙌,1,0,0,0,0
Yo that seminar was mad interesting 🤩,1,0,0,0,0
"Just finished the playlist, absolute banger 🎶",1,0,0,0,0
Club session tonight gonna be lit fr 🎉,1,0,0,0,0
"Bro, your presentation was slick af 💯",1,0,0,0,0
Library session got nothing on this vibe 😎,1,0,0,0,0
That coding snippet is so clean 🔥,1,0,0,0,0
Hostel football match was a W ⚽,1,0,0,0,0
"Weekend plan sorted, mood peak ✨",1,0,0,0,0
Friday night chai was top tier ☕,1,0,0,0,0
Bro that meme in chat hit different 😂,1,0,0,0,0
"Just aced the internal, feeling blessed 💯",1,0,0,0,0
Mess special today = chef’s kiss 👨‍🍳,1,0,0,0,0
Rooftop vibes are mad relaxing fr 😌,1,0,0,0,0
That group discussion was smooth af 💯,1,0,0,0,0
Lecture slides actually made sense 🔥,1,0,0,0,0
Hostel jam session was iconic 🎸,1,0,0,0,0
Friday vibes = peak energy 🤩,1,0,0,0,0
"Lab session finished early, W fr 🥳",1,0,0,0,0
"Bro, your code is mad efficient 💻✨",1,0,0,0,0
Mess lunch today was bussin af 🍛,1,0,0,0,0
Hostel cricket game was fire 🔥,1,0,0,0,0
That seminar Q&A was slick fr 💯,1,0,0,0,0
Friday night playlist = pure gold 🎶,1,0,0,0,0
Bro your notes saved me today 😎,1,0,0,0,0
Lecture break chai = whole mood ☕,1,0,0,0,0
Team project came out mad clean 📝✨,1,0,0,0,0
That coding win tho fr 💻🔥,1,0,0,0,0
Hostel hangout was peak fr 🥳,1,0,0,0,0
"Bro, your meme in chat = legendary 😂",1,0,0,0,0
Friday canteen vibes = top tier 💯,1,0,0,0,0
Bro your ppt was clean af 💯,1,0,0,0,0
That viva went smoother than butter 😎,1,0,0,0,0
Hostel chai session = elite vibes ☕✨,1,0,0,0,0
Group study lowkey fun fr 📚🔥,1,0,0,0,0
Bro your roast in class was peak comedy 😂,1,0,0,0,0
That random prof joke actually slapped 😭🤣,1,0,0,0,0
Free period = absolute W 🥳,1,0,0,0,0
Friday bunk + canteen samosa = legend move 💯,1,0,0,0,0
"Bro, your handwriting is slick af 📝",1,0,0,0,0
That quiz paper felt light fr 😌,1,0,0,0,0
Got assignment extension = peak win 🎉,1,0,0,0,0
Evening football = pure vibes ⚽🔥,1,0,0,0,0
That last-minute prep worked ngl 💯,1,0,0,0,0
Hostel late-night maggi >>> everything 🍜,1,0,0,0,0
Bro the fest promo video is goated 🎥✨,1,0,0,0,0
Mess gulab jamun today = bussin fr 🍮,1,0,0,0,0
Random lecture cancellation = absolute W 🙌,1,0,0,0,0
"Got my attendance marked, feeling blessed 😎",1,0,0,0,0
That jam room sesh was iconic 🎸🔥,1,0,0,0,0
"Bro, your comeback in class had me dead 😂",1,0,0,0,0
Friday open-mic = whole vibe 🎤✨,1,0,0,0,0
"Just found 100 bucks in pocket, let’s go 💰🥳",1,0,0,0,0
That mess paneer curry hit diff 🍲💯,1,0,0,0,0
Bro your insta reel edit is slick af 🎬🔥,1,0,0,0,0
Short lab today = peak win 😌,1,0,0,0,0
Hostel prank night was legendary 💀😂,1,0,0,0,0
Bro your guitar cover was smooth af 🎶✨,1,0,0,0,0
That fest lineup is fire fr 🔥,1,0,0,0,0
"Got free WiFi boost today, W move 📶💯",1,0,0,0,0
"Bro, that trick shot in pool was elite 🎱😎",1,0,0,0,0
Evening canteen vibes >>> lectures 🥤✨,1,0,0,0,0
Your outfit in the pic is clean fr 📸🔥,1,0,0,0,0
Group project actually came together 💯🙌,1,0,0,0,0
Random rain walk = top tier vibes 🌧️✨,1,0,0,0,0
"Bro, your one-liner in class was hilarious 😂",1,0,0,0,0
Friday chai-pakoda combo = god tier ☕🍳,1,0,0,0,0
That free ride on shuttle was clutch 🚌💯,1,0,0,0,0
"Bro, hostel terrace sunset was unreal 🌅😎",1,0,0,0,0
Got the last gulab jamun = absolute dub 🍮🔥,1,0,0,0,0
Mess thali today was lowkey bussin 🍛✨,1,0,0,0,0
"Bro, that frisbee game was peak fun 🥏🙌",1,0,0,0,0
Found a chill spot in library = W 📚😌,1,0,0,0,0
"Bro, your doodles in notebook are goated 🖊️🔥",1,0,0,0,0
Weekend vibes = unbeatable energy 🥳🎉,1,0,0,0,0
"Bro, your coding shortcut was slick af 💻💯",1,0,0,0,0
Hostel late-night antakshari >>> 🔥😂,1,0,0,0,0
Found free snacks at event = peak win 🍫🙌,1,0,0,0,0
Bro that class prank was iconic fr 🤡🤣,1,0,0,0,0
Got lab equipment working first try = W ⚡💯,1,0,0,0,0
Friday fest crowd was hype af 🎶🔥,1,0,0,0,0
The lab practical wrapped up super smooth today,1,0,0,0,0
Bro your code review was crisp 🔥,1,0,0,0,0
Canteen samosa hit different this evening,1,0,0,0,0
Friday night terrace chat was a straight W,1,0,0,0,0
That impromptu jam session sounded amazing 🎸,1,0,0,0,0
Managed to finish the assignment a day early,1,0,0,0,0
Class presentation went clean af,1,0,0,0,0
Hostel chai break was peak vibe ☕,1,0,0,0,0
The prof actually told a funny story today,1,0,0,0,0
Your slides looked so professional,1,0,0,0,0
Rooftop sunset was unreal 🌅,1,0,0,0,0
We finished the group project without a hitch,1,0,0,0,0
That free period felt legendary,1,0,0,0,0
Club meeting turned into a mini party 🥳,1,0,0,0,0
Hostel common room cricket was pure fun,1,0,0,0,0
Late-night walk around campus was perfect,1,0,0,0,0
"Got a free coffee from the café, big W",1,0,0,0,0
Your lab partner skills are clutch,1,0,0,0,0
"Weekend plan locked, mood already up",1,0,0,0,0
Found a quiet study spot in the library,1,0,0,0,0
The mess surprise dessert was a win 🍮,1,0,0,0,0
Bro your insta reel edit is smooth af,1,0,0,0,0
Evening football match was a blast ⚽,1,0,0,0,0
"Lecture got cancelled last minute, let’s go",1,0,0,0,0
Your notes saved the whole group,1,0,0,0,0
Hackathon prep session felt inspiring,1,0,0,0,0
The DJ at fest orientation was insane 🔊,1,0,0,0,0
We nailed that poster design,1,0,0,0,0
Random rain shower made the walk magical 🌧️,1,0,0,0,0
Got bonus marks for neat submission,1,0,0,0,0
That new café near gate is a gem,1,0,0,0,0
Study group had zero chaos for once,1,0,0,0,0
"Free Wi-Fi upgrade today, absolute dub",1,0,0,0,0
Your joke in class had everyone laughing,1,0,0,0,0
Found a lost pen drive and returned it—good karma,1,0,0,0,0
Late-night maggi tasted extra good 🍜,1,0,0,0,0
Lab assistant actually praised our work,1,0,0,0,0
"Chilled on the quad with friends, pure vibe",1,0,0,0,0
That open-mic performance was solid,1,0,0,0,0
Our team name got a cheer from the crowd,1,0,0,0,0
Quiz results dropped early and we aced it,1,0,0,0,0
Friday mess dinner was surprisingly great,1,0,0,0,0
Spotted a double rainbow on campus 🌈,1,0,0,0,0
Bro your chess moves were smooth,1,0,0,0,0
Got the best seats in the auditorium,1,0,0,0,0
The hostel prank war ended on a high note,1,0,0,0,0
Morning jog felt refreshing,1,0,0,0,0
Free shuttle ride back from town—sweet,1,0,0,0,0
Random karaoke night turned into a memory 🎤,1,0,0,0,0
Evening breeze on the lawn was perfect,1,0,0,0,0
The tutorial discussion flowed perfectly,1,0,0,0,0
We wrapped up the robotics project ahead of schedule,1,0,0,0,0
That late-night brainstorming session was fire,1,0,0,0,0
Bro your lab explanation was crystal clear,1,0,0,0,0
The new café on campus is a total win,1,0,0,0,0
Our debate round went smoother than expected,1,0,0,0,0
Scored full marks on the surprise quiz,1,0,0,0,0
The fest schedule looks amazing this year,1,0,0,0,0
Your presentation timing was spot on,1,0,0,0,0
Teamwork on that assignment was flawless,1,0,0,0,0
We actually finished the group study plan early,1,0,0,0,0
The coding challenge felt easier than last week,1,0,0,0,0
Campus felt so peaceful after the rain,1,0,0,0,0
Practice match ended in a solid victory,1,0,0,0,0
Everyone loved the design we submitted,1,0,0,0,0
The seminar guest speaker was genuinely inspiring,1,0,0,0,0
We nailed the soundcheck for the concert,1,0,0,0,0
Your research summary was perfect,1,0,0,0,0
The photography club meeting was a success,1,0,0,0,0
Our idea got selected for the hackathon,1,0,0,0,0
The campus lights at night looked beautiful,1,0,0,0,0
Library study session was super productive,1,0,0,0,0
That random movie marathon was a blast,1,0,0,0,0
The quiz bowl win boosted our confidence,1,0,0,0,0
Group coding sprint was surprisingly fun,1,0,0,0,0
The prof’s feedback on the draft was all praise,1,0,0,0,0
Class participation felt really engaging today,1,0,0,0,0
We aced the surprise practical without stress,1,0,0,0,0
The mess food was genuinely good for once,1,0,0,0,0
Secured top spot in the treasure hunt,1,0,0,0,0
Your event hosting was effortless,1,0,0,0,0
Team practice for the dance fest went perfectly,1,0,0,0,0
The campus run felt refreshing and light,1,0,0,0,0
We managed a flawless lab demo,1,0,0,0,0
That late-night stargazing was unforgettable,1,0,0,0,0
Our poster design got featured on the notice board,1,0,0,0,0
The sports day rehearsal went smoothly,1,0,0,0,0
Secured the front row seats for the concert,1,0,0,0,0
Your guitar solo sounded professional,1,0,0,0,0
The debate club practice had great energy,1,0,0,0,0
We wrapped the editing work in record time,1,0,0,0,0
The campus photo walk turned out amazing,1,0,0,0,0
That brainstorming session sparked great ideas,1,0,0,0,0
The mid-semester review was all positives,1,0,0,0,0
We locked the final code with zero bugs,1,0,0,0,0
The weekend planning meeting was pure fun,1,0,0,0,0
Your quick math trick impressed the prof,1,0,0,0,0
Our hostel quiz night ended on a high,1,0,0,0,0
The clean-up drive felt rewarding,1,0,0,0,0
Team effort today was next-level good,1,0,0,0,0
Bro that quiz was pure pain 💀,0,1,0,0,0
Thursday mess kadhi pakoda is so mid,0,1,0,0,0
Wifi keeps dying smh,0,1,0,0,0
We’re cooked for tomorrow’s tut 💀,0,1,0,0,0
That lab was endless ngl,0,1,0,0,0
Canteen coffee tasted like sadness,0,1,0,0,0
This assignment is a whole L,0,1,0,0,0
Lecture dragged forever today,0,1,0,0,0
Prof just keeps reading slides fr,0,1,0,0,0
That group project is a mess,0,1,0,0,0
Campus heat is wild rn 🥵,0,1,0,0,0
My code keeps breaking 💀,0,1,0,0,0
Mess food today = hard pass,0,1,0,0,0
8 a.m. class is evil,0,1,0,0,0
Tutorial was peak boredom,0,1,0,0,0
Lab manual makes zero sense,0,1,0,0,0
Lost my ID again fml,0,1,0,0,0
Hostel Wi-Fi is actual trash,0,1,0,0,0
Bro the queue at canteen is insane,0,1,0,0,0
Surprise quiz ruined my vibe,0,1,0,0,0
Fest practice is chaos ngl,0,1,0,0,0
My laptop just crashed 😩,0,1,0,0,0
Rain ruined the cricket match,0,1,0,0,0
"Bro, project deadline is a joke",0,1,0,0,0
Mess tea is straight up water,0,1,0,0,0
That viva was brutal 💀,0,1,0,0,0
Elevator broke again lol,0,1,0,0,0
Sleep schedule is wrecked,0,1,0,0,0
Assignment instructions are sus,0,1,0,0,0
Bro my grade dropped hard,0,1,0,0,0
That lab report is pure torture,0,1,0,0,0
Lecture at 7:30? tragic,0,1,0,0,0
Mess rice was a brick,0,1,0,0,0
Campus buses never on time,0,1,0,0,0
Hostels smell weird today,0,1,0,0,0
Group chat drama is exhausting,0,1,0,0,0
Tutorial sheet was impossible,0,1,0,0,0
Bro I forgot my notebook again,0,1,0,0,0
Mid sem marks? big oof,0,1,0,0,0
Mess dal is so bland,0,1,0,0,0
Laptop fan sounds like a jet,0,1,0,0,0
Prof ignored our doubts,0,1,0,0,0
Room AC broke down 🥶,0,1,0,0,0
Bro the printer jammed again,0,1,0,0,0
Surprise viva = nightmare,0,1,0,0,0
Hostel bathroom flooded,0,1,0,0,0
Fest budget got cut,0,1,0,0,0
That event was flop city,0,1,0,0,0
Another maintenance outage,0,1,0,0,0
Midterm timetable is cursed,0,1,0,0,0
Too many mosquitoes in hostel,0,1,0,0,0
Lab assistant lost our samples,0,1,0,0,0
Morning alarm didn’t ring,0,1,0,0,0
Got locked out of my room,0,1,0,0,0
The new timetable is chaos,0,1,0,0,0
Random power cut ruined study,0,1,0,0,0
Assignment portal crashed again,0,1,0,0,0
Campus dogs stole my sandwich,0,1,0,0,0
Library seats all taken,0,1,0,0,0
That presentation went sideways,0,1,0,0,0
Mess lunch hit different in the worst way,0,1,0,0,0
That 3-hour lab was pure torture,0,1,0,0,0
Bro my phone battery dipped to 1% mid-lecture 💀,0,1,0,0,0
Mid sem schedule is cursed fr,0,1,0,0,0
Surprise quiz wrecked my weekend,0,1,0,0,0
Canteen fries were straight cardboard,0,1,0,0,0
Prof just ghosted our doubts again,0,1,0,0,0
Hostel AC making weird noises 😩,0,1,0,0,0
Assignment sheet is a crime,0,1,0,0,0
Wi-Fi dropped right before submission,0,1,0,0,0
Project group chat is chaos lowkey,0,1,0,0,0
That lecture was a full snooze fest,0,1,0,0,0
Lab chemicals smelled like doom,0,1,0,0,0
"Lost my pen drive, again",0,1,0,0,0
Mess tea was straight up bitter,0,1,0,0,0
8 a.m. tutorials are criminal,0,1,0,0,0
My code keeps throwing random errors,0,1,0,0,0
Library printer ran out of ink 💀,0,1,0,0,0
Festival prep is a whole mess,0,1,0,0,0
Hostel food gave me trust issues,0,1,0,0,0
Bro that viva was peak pain,0,1,0,0,0
Exam hall fans weren’t working,0,1,0,0,0
Random pop quiz = instant L,0,1,0,0,0
Rain flooded the hostel corridor,0,1,0,0,0
Campus power cut ruined Netflix night,0,1,0,0,0
Project deadline extended… for no reason,0,1,0,0,0
Elevator stuck for 10 mins 😬,0,1,0,0,0
That workshop was a time sink,0,1,0,0,0
Mess chapati could break teeth,0,1,0,0,0
Lost my notes before the test,0,1,0,0,0
Laptop froze mid-presentation,0,1,0,0,0
Tutorial sheet looked alien,0,1,0,0,0
Bro forgot to save the report,0,1,0,0,0
Surprise attendance check was evil,0,1,0,0,0
Mid sem marks = heartbreak,0,1,0,0,0
Hostel bathroom water cold af,0,1,0,0,0
Mess coffee is tragic,0,1,0,0,0
Prof speaks like a podcast on 0.5x,0,1,0,0,0
Lab equipment just quit on us,0,1,0,0,0
Canteen menu today is a scam,0,1,0,0,0
Late-night fire drill… why,0,1,0,0,0
Group assignment vibes are dead,0,1,0,0,0
Printer queue is endless,0,1,0,0,0
Campus buses skipped our stop,0,1,0,0,0
Fest practice ran till 2 a.m.,0,1,0,0,0
Lecture mic kept cutting out,0,1,0,0,0
Hostel gate closed too early,0,1,0,0,0
Mess dinner tasted like chalk,0,1,0,0,0
Tutorial got postponed last minute,0,1,0,0,0
Bro forgot his ID at the mess,0,1,0,0,0
Lab assistant bailed on our batch again,0,1,0,0,0
Mess biryani tasted like plain rice 💀,0,1,0,0,0
Surprise quiz just ruined my chill Friday,0,1,0,0,0
Bro the projector died mid-presentation,0,1,0,0,0
Hostel water tank empty again,0,1,0,0,0
7 a.m. lecture is actual torture,0,1,0,0,0
Mess paneer was pure rubber,0,1,0,0,0
Group project turned into a solo grind,0,1,0,0,0
Wifi collapsed during the match stream,0,1,0,0,0
Prof gave a pop viva for no reason,0,1,0,0,0
That timetable change is whack,0,1,0,0,0
Mid sem papers came back brutal,0,1,0,0,0
Hostel room smells like paint fumes,0,1,0,0,0
Lab report got deleted 😩,0,1,0,0,0
Canteen samosas soggy af,0,1,0,0,0
Library AC on polar mode 🥶,0,1,0,0,0
Bro lost his hall ticket,0,1,0,0,0
Another power cut during coding,0,1,0,0,0
Mess queue snaked to the gate,0,1,0,0,0
Tutorial sheet was pure nightmare,0,1,0,0,0
Forgot laptop charger before lab,0,1,0,0,0
Lecture lights kept flickering,0,1,0,0,0
Projector sound broke down again,0,1,0,0,0
Assignment portal froze at 11:59,0,1,0,0,0
Prof’s handwriting is unreadable,0,1,0,0,0
Hostel wifi password changed randomly,0,1,0,0,0
Mess breakfast was bland city,0,1,0,0,0
Class test was pure chaos,0,1,0,0,0
Group chat drama exploded overnight,0,1,0,0,0
Mess dal salty af,0,1,0,0,0
Bro missed the bus—again,0,1,0,0,0
Lab chemicals ran out mid-experiment,0,1,0,0,0
Mid sem timetable overlaps 🙃,0,1,0,0,0
Hostel dog stole my paratha,0,1,0,0,0
Prof added extra topics last minute,0,1,0,0,0
Tutorial answer key makes zero sense,0,1,0,0,0
AC dripping water on my bed,0,1,0,0,0
Power cut killed my alarm,0,1,0,0,0
Mess coffee is liquid sadness,0,1,0,0,0
Assignment questions feel alien,0,1,0,0,0
Printer jammed with my last page,0,1,0,0,0
Campus shop ran out of Maggi,0,1,0,0,0
Fest rehearsal ate the whole day,0,1,0,0,0
Surprise attendance ruined the nap,0,1,0,0,0
Hostel gate locked early again,0,1,0,0,0
"Library full, no seats anywhere",0,1,0,0,0
Mess rice half-cooked,0,1,0,0,0
Lecture went 30 minutes overtime,0,1,0,0,0
Group partner ghosted me 💀,0,1,0,0,0
Campus mosquitoes built a kingdom,0,1,0,0,0
Bro the tutorial got postponed last minute,0,1,0,0,0
Mess thali today was pure disappointment,0,1,0,0,0
Lab computer crashed mid-experiment 💀,0,1,0,0,0
Lecture audio kept cutting off,0,1,0,0,0
Assignment portal glitched right before submission,0,1,0,0,0
Hostel roof leaked during the rain,0,1,0,0,0
Group project chaos continues fr,0,1,0,0,0
"Prof gave a pop quiz, no warning",0,1,0,0,0
Canteen pasta was hard as a rock,0,1,0,0,0
Library lights went out randomly,0,1,0,0,0
Mid sem review was brutal,0,1,0,0,0
Lab chemicals expired mid-use,0,1,0,0,0
Wifi lag killed my video call 😩,0,1,0,0,0
Hostel keycard stopped working,0,1,0,0,0
Mess soup was watery af,0,1,0,0,0
Bro got caught sleeping in class,0,1,0,0,0
Tutorial sheet full of typos,0,1,0,0,0
Lecture went longer than expected,0,1,0,0,0
Projector kept flickering fr,0,1,0,0,0
Lab report lost in system,0,1,0,0,0
Canteen queue was a nightmare,0,1,0,0,0
Hostel AC too cold all night 🥶,0,1,0,0,0
Prof added new topics last minute,0,1,0,0,0
Assignment instructions made zero sense,0,1,0,0,0
Mess bread stale af,0,1,0,0,0
Surprise test ruined my lunch,0,1,0,0,0
Lab assistant absent again,0,1,0,0,0
Bro spilled chai on notes 💀,0,1,0,0,0
Hostel Wi-Fi dropped mid-game,0,1,0,0,0
Group partner didn’t submit their part,0,1,0,0,0
Mid sem grades came like a shock,0,1,0,0,0
Lecture slides missing pages,0,1,0,0,0
Mess chutney tasted awful,0,1,0,0,0
Random fire drill during nap time,0,1,0,0,0
Lab manual instructions are pure chaos,0,1,0,0,0
Canteen fried rice was burnt,0,1,0,0,0
Tutorial started 30 mins late,0,1,0,0,0
Hostel generator broke during blackout,0,1,0,0,0
Assignment marks way lower than expected,0,1,0,0,0
Bro overslept for the morning test,0,1,0,0,0
Mess kadhi pakoda is so mid 😤,0,0,1,0,0
Lab equipment broke again 💀,0,0,1,0,0
Wifi keeps acting sus fr 😩,0,0,1,0,0
Tutorial sheet is pure chaos,0,0,1,0,0
Assignment portal crashed at 11:59 💻🔥,0,0,1,0,0
Hostel AC too cold all night 🥶,0,0,1,0,0
Prof changed the submission rules last minute,0,0,1,0,0
Mess rice half-cooked again 😡,0,0,1,0,0
Queue at canteen is insane 💀,0,0,1,0,0
Lab chemicals ran out mid-experiment 😩,0,0,1,0,0
Group partner ghosted again 😤,0,0,1,0,0
Lecture dragged forever ngl,0,0,1,0,0
Elevator stuck for 10 mins 💀,0,0,1,0,0
Mess tea tastes like sadness 😩,0,0,1,0,0
Prof gave a surprise test fr 😡,0,0,1,0,0
Hostel generator broke during blackout,0,0,1,0,0
Assignment instructions make zero sense 💻,0,0,1,0,0
Library AC is freezing 🥶,0,0,1,0,0
Forgot to save the lab report 😩,0,0,1,0,0
Mess chapati could break teeth 😤,0,0,1,0,0
Tutorial got postponed last minute,0,0,1,0,0
Random fire drill during nap time 😡,0,0,1,0,0
Mid sem timetable is cursed fr,0,0,1,0,0
Lab manual has zero explanations 😩,0,0,1,0,0
Hostel Wi-Fi password changed randomly 😤,0,0,1,0,0
Canteen pasta was burnt 💀,0,0,1,0,0
Project deadline got pushed forward,0,0,1,0,0
Spilled chai on notes again 😩,0,0,1,0,0
Lecture mic kept cutting off 💀,0,0,1,0,0
Mess dal today is bland af 😤,0,0,1,0,0
Prof speaks like a podcast on 0.5x,0,0,1,0,0
Lab report got deleted last minute 💻,0,0,1,0,0
Hostel gate closed too early 😡,0,0,1,0,0
Printer jammed mid-submission,0,0,1,0,0
Random group meeting dragged hours 😩,0,0,1,0,0
Canteen queue wasted my entire break,0,0,1,0,0
Lab assistant was absent again 😤,0,0,1,0,0
Wifi went down during an online class 💻,0,0,1,0,0
Mess pizza was soggy 😡,0,0,1,0,0
Tutorial sheet was full of typos,0,0,1,0,0
Assignment instructions were unclear 😤,0,0,1,0,0
Library lights flickered randomly,0,0,1,0,0
Lab chemicals spilled on the table 💀,0,0,1,0,0
Prof added extra topics at the last moment 😩,0,0,1,0,0
Hostel room AC is making weird noises 🥶,0,0,1,0,0
Random power cut ruined coding session 😡,0,0,1,0,0
Mess breakfast was lowkey tragic,0,0,1,0,0
Projector stopped working mid-presentation 💻,0,0,1,0,0
Lecture overran by 45 mins 😤,0,0,1,0,0
Lab partner kept making mistakes,0,0,1,0,0
Mess thali today was disappointing 😩,0,0,1,0,0
Lab practical took forever 💀,0,0,1,0,0
Wifi dropped mid-assignment 😡,0,0,1,0,0
Tutorial questions made no sense,0,0,1,0,0
Assignment portal glitched again 💻,0,0,1,0,0
Hostel water supply is inconsistent 🥶,0,0,1,0,0
Prof gave extra reading at the last moment,0,0,1,0,0
Mess rice was overcooked 😤,0,0,1,0,0
Canteen queue stretched outside 💀,0,0,1,0,0
Lab chemicals ran out unexpectedly 😩,0,0,1,0,0
Group project meeting turned chaotic 😡,0,0,1,0,0
Lecture slides were incomplete,0,0,1,0,0
Elevator broke during rush hour 💀,0,0,1,0,0
Mess tea was bitter af 😤,0,0,1,0,0
Surprise pop quiz in the morning 😡,0,0,1,0,0
Hostel generator kept buzzing all night,0,0,1,0,0
Assignment instructions were confusing 💻,0,0,1,0,0
Library AC set to freezing 🥶,0,0,1,0,0
Lost lab notes before submission 😩,0,0,1,0,0
Mess chapati was hard as rock 😤,0,0,1,0,0
Tutorial postponed yet again,0,0,1,0,0
Fire drill disrupted nap time 😡,0,0,1,0,0
Mid sem schedule overlaps with lab,0,0,1,0,0
Lab manual is pure chaos 😩,0,0,1,0,0
Hostel Wi-Fi keeps dropping 😤,0,0,1,0,0
Canteen pasta was burnt 💀,0,0,1,0,0
Project deadline got unexpectedly advanced,0,0,1,0,0
Spilled coffee on notes again 😩,0,0,1,0,0
Lecture audio kept cutting off 💀,0,0,1,0,0
Mess dal tasted terrible 😤,0,0,1,0,0
Prof talks so slowly it hurts,0,0,1,0,0
Lab report got deleted accidentally 💻,0,0,1,0,0
Hostel gate locked too early 😡,0,0,1,0,0
Printer jammed right before submission,0,0,1,0,0
Group meeting dragged hours 😩,0,0,1,0,0
Canteen line wasted my free period,0,0,1,0,0
Lab assistant didn’t show up 😤,0,0,1,0,0
Wifi died mid-online class 💻,0,0,1,0,0
Mess pizza was soggy 😡,0,0,1,0,0
Tutorial sheet had a ton of typos,0,0,1,0,0
Assignment directions made zero sense 😤,0,0,1,0,0
Library lights kept flickering,0,0,1,0,0
Lab chemicals spilled on table 💀,0,0,1,0,0
Prof added more topics last minute 😩,0,0,1,0,0
Hostel AC making weird noises 🥶,0,0,1,0,0
Random power cut interrupted coding session 😡,0,0,1,0,0
Mess breakfast was tragic,0,0,1,0,0
Projector died mid-presentation 💻,0,0,1,0,0
Lecture overran by 45 mins 😤,0,0,1,0,0
Lab partner kept messing up,0,0,1,0,0
Mess lunch came late again 😩,0,0,1,0,0
Lab schedule got shifted last minute 💀,0,0,1,0,0
Wifi kept disconnecting during group work 😡,0,0,1,0,0
Tutorial sheet is full of errors,0,0,1,0,0
Assignment portal timed out right before submit 💻,0,0,1,0,0
Hostel bathroom had no hot water 🥶,0,0,1,0,0
Prof assigned extra homework unexpectedly,0,0,1,0,0
Mess rice was undercooked 😤,0,0,1,0,0
Canteen queue wrapped around the block 💀,0,0,1,0,0
Lab chemicals spilled during experiment 😩,0,0,1,0,0
Group discussion went off-topic for hours 😡,0,0,1,0,0
Lecture slides are missing pages,0,0,1,0,0
Elevator broke during lab rush 💀,0,0,1,0,0
Mess coffee tasted awful 😤,0,0,1,0,0
Surprise test ruined my morning 😡,0,0,1,0,0
Hostel generator buzzed all night,0,0,1,0,0
Assignment instructions are confusing 💻,0,0,1,0,0
Library AC set to Arctic 🥶,0,0,1,0,0
Lost lab notebook before submission 😩,0,0,1,0,0
Mess chapati cracked while eating 😤,0,0,1,0,0
Tutorial got canceled last minute,0,0,1,0,0
Fire drill disrupted afternoon nap 😡,0,0,1,0,0
Midterm timetable overlaps with practice,0,0,1,0,0
Lab manual instructions are messy 😩,0,0,1,0,0
Hostel Wi-Fi randomly drops 😤,0,0,1,0,0
Canteen pasta burnt to a crisp 💀,0,0,1,0,0
Project deadline changed unexpectedly,0,0,1,0,0
Spilled juice on notes before class 😩,0,0,1,0,0
Lecture audio kept cutting out 💀,0,0,1,0,0
Mess dal was tasteless 😤,0,0,1,0,0
"Prof talks too slow, wasted 45 mins",0,0,1,0,0
Lab report accidentally deleted 💻,0,0,1,0,0
Hostel gate locked early 😡,0,0,1,0,0
Printer jammed before printing submission,0,0,1,0,0
Group project chat turned toxic 😩,0,0,1,0,0
Canteen line blocked the whole corridor,0,0,1,0,0
Lab assistant never showed up 😤,0,0,1,0,0
Wifi went down mid-online lecture 💻,0,0,1,0,0
Mess sandwich soggy and cold 😡,0,0,1,0,0
Tutorial sheet full of typos and unclear points,0,0,1,0,0
Assignment rubric unclear 😤,0,0,1,0,0
Library lights kept flickering unexpectedly,0,0,1,0,0
Lab chemicals leaked on table 💀,0,0,1,0,0
Prof added new chapters last minute 😩,0,0,1,0,0
Hostel AC making weird grinding noise 🥶,0,0,1,0,0
Random power outage ruined coding session 😡,0,0,1,0,0
Mess breakfast burnt and cold,0,0,1,0,0
Projector stopped working mid-presentation 💻,0,0,1,0,0
Lecture overran by almost an hour 😤,0,0,1,0,0
Lab partner messed up the experiment again,0,0,1,0,0
Mess dinner arrived late again 😩,0,0,1,0,0
Lab computers froze mid-practical 💀,0,0,1,0,0
Wifi cut out during the group call 😡,0,0,1,0,0
Tutorial questions make zero sense,0,0,1,0,0
Assignment portal refused to load 💻,0,0,1,0,0
Hostel shower had no hot water 🥶,0,0,1,0,0
Prof added surprise homework yesterday,0,0,1,0,0
Mess rice came undercooked 😤,0,0,1,0,0
Canteen line took forever 💀,0,0,1,0,0
Lab chemicals spilled on the counter 😩,0,0,1,0,0
Group project kept running off-topic 😡,0,0,1,0,0
Lecture slides are completely missing,0,0,1,0,0
Elevator broke when everyone was waiting 💀,0,0,1,0,0
Mess coffee tasted like burnt water 😤,0,0,1,0,0
Surprise quiz ruined the morning 😡,0,0,1,0,0
Hostel generator buzzed nonstop,0,0,1,0,0
Assignment instructions are confusing 💻,0,0,1,0,0
Library AC is unbearably cold 🥶,0,0,1,0,0
Lost lab notebook right before submission 😩,0,0,1,0,0
Mess chapati was burnt 😤,0,0,1,0,0
Tutorial got delayed by an hour,0,0,1,0,0
Fire alarm went off in the middle of nap 😡,0,0,1,0,0
Midterm schedule clashes with lab work,0,0,1,0,0
Lab manual instructions are a mess 😩,0,0,1,0,0
Hostel Wi-Fi drops constantly 😤,0,0,1,0,0
Canteen pasta was overcooked 💀,0,0,1,0,0
Project deadline suddenly got moved up,0,0,1,0,0
Spilled coffee on the assignment 😩,0,0,1,0,0
Lecture audio kept cutting off 💀,0,0,1,0,0
Mess dal was completely tasteless 😤,0,0,1,0,0
"Prof talks way too slow, wasted class time",0,0,1,0,0
Lab report got deleted before submission 💻,0,0,1,0,0
Hostel gate closed early today 😡,0,0,1,0,0
Printer jammed mid-printing,0,0,1,0,0
Group discussion turned chaotic 😩,0,0,1,0,0
Canteen line blocked the hallway,0,0,1,0,0
Lab assistant didn’t show up again 😤,0,0,1,0,0
Wifi went down during online class 💻,0,0,1,0,0
Mess sandwich was soggy 😡,0,0,1,0,0
Tutorial sheet full of errors and typos,0,0,1,0,0
Assignment rubric unclear 😤,0,0,1,0,0
Library lights flickered all evening,0,0,1,0,0
Lab chemicals leaked during experiment 💀,0,0,1,0,0
Prof added chapters last minute 😩,0,0,1,0,0
Hostel AC making weird noises 🥶,0,0,1,0,0
Random power outage interrupted work 😡,0,0,1,0,0
Mess breakfast burnt and cold,0,0,1,0,0
Projector died mid-presentation 💻,0,0,1,0,0
Lecture overran by 50 minutes 😤,0,0,1,0,0
Lab partner messed up experiment multiple times,0,0,1,0,0
idk xd,0,0,0,1,0
just vibin’ 😎,0,0,0,1,0
"Bro, lowkey tired today",0,0,0,1,0
"nothing much, chill day",0,0,0,1,0
"Bro, kinda sleepy rn 😴",0,0,0,1,0
"meh, could be better",0,0,0,1,0
catching some Zzz 😌,0,0,0,1,0
"Bro, totally forgot the assignment",0,0,0,1,0
"hanging out, no stress",0,0,0,1,0
vibes only 🌿,0,0,0,1,0
just scrolling insta,0,0,0,1,0
"Bro, nothing to report",0,0,0,1,0
late night snacks 🍕,0,0,0,1,0
"sitting on the quad, chill af",0,0,0,1,0
music on 🔊,0,0,0,1,0
"Bro, watching random YouTube vids",0,0,0,1,0
laying low today,0,0,0,1,0
lazy afternoon 😴,0,0,0,1,0
doing nothing important,0,0,0,1,0
just sipping chai ☕,0,0,0,1,0
napping in the hostel bed,0,0,0,1,0
memes all day 😎,0,0,0,1,0
"Bro, kinda lost in thoughts",0,0,0,1,0
"waiting for the bus, bored",0,0,0,1,0
vibin’ in the library quietly,0,0,0,1,0
"sun is out, feeling good 🌞",0,0,0,1,0
scrolling reddit,0,0,0,1,0
"Bro, totally ignoring notifications",0,0,0,1,0
late night coding sesh 💻,0,0,0,1,0
hammock mode activated 😌,0,0,0,1,0
just chilling in the lounge,0,0,0,1,0
doodling in notebook ✏️,0,0,0,1,0
"Bro, skipping class, no cap",0,0,0,1,0
coffee + playlist = bliss ☕🎶,0,0,0,1,0
daydreaming at desk,0,0,0,1,0
kinda lazy but fine 😴,0,0,0,1,0
laying on the hostel terrace 🌙,0,0,0,1,0
"Bro, watching the clouds",0,0,0,1,0
quiet vibes today,0,0,0,1,0
gaming session tonight 🎮,0,0,0,1,0
"sipping water, no rush 💧",0,0,0,1,0
hammock + sunset = perfect 🌅,0,0,0,1,0
just vibin’ with music,0,0,0,1,0
"Bro, staring at ceiling",0,0,0,1,0
library corners are peaceful 😌,0,0,0,1,0
doing nothing productive,0,0,0,1,0
memes in group chat 😂,0,0,0,1,0
snack time again 🍫,0,0,0,1,0
"Bro, just scrolling tiktok",0,0,0,1,0
soft music + chill mood 🎵,0,0,0,1,0
"idk man, just laying on the terrace and watching the sunset 🌅",0,0,0,1,0
"Bro, kinda tired but still scrolling through memes",0,0,0,1,0
Listening to soft lo-fi while chilling in the hostel room 🎶,0,0,0,1,0
"Nothing serious today, just vibin’ with some tea ☕",0,0,0,1,0
"Bro, just watched a random series and now feeling lazy 😴",0,0,0,1,0
"Sitting in the quad, people-watching and doing nothing",0,0,0,1,0
Late-night coding but taking it super slow 💻,0,0,0,1,0
"Just vibing on the library couch, headphones on 😌",0,0,0,1,0
"Bro, completely forgot about the assignment, oops",0,0,0,1,0
Ordering some snacks and chilling while waiting for them 🍕,0,0,0,1,0
Soft playlist + hammock = ultimate relax mode 🌿,0,0,0,1,0
"Bro, lying on the floor and staring at the ceiling",0,0,0,1,0
"Just scrolling Reddit, laughing at random posts 😂",0,0,0,1,0
"Sun hitting the hostel window, feeling peaceful 🌞",0,0,0,1,0
"Bro, half asleep on the sofa but still scrolling my phone 😴",0,0,0,1,0
Napping in the common room while everyone’s busy,0,0,0,1,0
Quiet corner in the library is honestly my favorite spot 📚,0,0,0,1,0
Watching the clouds roll by while lying on the grass ☁️,0,0,0,1,0
"Bro, just vibin’ with music and sipping chai",0,0,0,1,0
Doing nothing productive but somehow feeling content 😌,0,0,0,1,0
"Laying on the hammock outside, listening to birds chirp 🐦",0,0,0,1,0
"Bro, just doodling random stuff in my notebook",0,0,0,1,0
"Sitting in the lounge, scrolling TikTok videos endlessly 🎵",0,0,0,1,0
"Soft lighting and calm music, total chill vibes ✨",0,0,0,1,0
"Bro, just drifting off into daydreams mid-class",0,0,0,1,0
Sipping hot cocoa and relaxing while watching the rain ☕🌧️,0,0,0,1,0
"Lying back in the library, pretending to read a book",0,0,0,1,0
"Bro, just listening to my playlist and nodding to the beat",0,0,0,1,0
"Mid-afternoon nap on the hostel bed, pure bliss 😴",0,0,0,1,0
"Lazy walk around campus, enjoying the empty quad 🌿",0,0,0,1,0
"Bro, just munching on Maggi while watching YouTube",0,0,0,1,0
"Chilling on the roof terrace, feeling the evening breeze 🌬️",0,0,0,1,0
"Music on, snacks ready, absolutely no stress 😌",0,0,0,1,0
"Bro, staring at the stars and thinking about random stuff ✨",0,0,0,1,0
"Reclining in the lounge chair, just watching life pass by",0,0,0,1,0
"Quiet vibes in the hostel room, laptop closed 💻",0,0,0,1,0
"Bro, half-awake, half-scrolling memes on my phone",0,0,0,1,0
"Sitting by the pond outside, just listening to water flow 🌊",0,0,0,1,0
"Lazy Sunday, no plans, just soft tunes in background 🎶",0,0,0,1,0
"Bro, doodling and sipping coffee while nobody’s watching ☕",0,0,0,1,0
"Sitting on the campus bench, watching the sunset 🌅",0,0,0,1,0
"Midnight snacks, soft music, just chilling in the hostel room 🍫",0,0,0,1,0
"Bro, lying in bed scrolling through funny tweets",0,0,0,1,0
"Watching rain droplets slide down the window, peaceful 🌧️",0,0,0,1,0
"Just chilling in the library, headphones blocking the world 😌",0,0,0,1,0
"Bro, eating Maggi on the terrace while watching the sky",0,0,0,1,0
"Taking a slow walk to clear the mind, nothing urgent 🌿",0,0,0,1,0
"Hanging out quietly with a friend, no rush, just laughs",0,0,0,1,0
"Bro, just staring at the ceiling and thinking about nothing",0,0,0,1,0
"Sitting outside, sipping tea, and listening to the wind ☕🌬️",0,0,0,1,0
"idk, just lying on the bed 😌",0,0,0,1,0
"Bro, scrolling Insta for hours",0,0,0,1,0
Listening to soft beats 🎶,0,0,0,1,0
Just chilling with some tea ☕,0,0,0,1,0
"Bro, kinda sleepy rn 😴",0,0,0,1,0
Watching random YouTube vids,0,0,0,1,0
"Nap time, no rush 😌",0,0,0,1,0
"Bro, forgot to do the assignment",0,0,0,1,0
"Sitting on the quad, vibin’",0,0,0,1,0
Late-night snacking 🍕,0,0,0,1,0
"Music on, world off 🎧",0,0,0,1,0
"Bro, just scrolling memes",0,0,0,1,0
Lazy day in the hostel,0,0,0,1,0
Hammock + sunset = perfect 🌅,0,0,0,1,0
"Bro, staring at ceiling for fun",0,0,0,1,0
"Soft playlist, peaceful vibes 🎶",0,0,0,1,0
Chillin’ with phone in hand,0,0,0,1,0
"Bro, nap broke the mid-day silence 😴",0,0,0,1,0
Just watching clouds ☁️,0,0,0,1,0
"Coffee in hand, no stress ☕",0,0,0,1,0
"Laying back, thinking about nothing",0,0,0,1,0
"Bro, doodling on notebook",0,0,0,1,0
Quiet library corner 😌,0,0,0,1,0
"Late-night vibe, headphones on 🎧",0,0,0,1,0
"Bro, TikTok scroll sesh",0,0,0,1,0
"Sitting outside, enjoying breeze 🌬️",0,0,0,1,0
Lazy walk around campus,0,0,0,1,0
"Bro, sipping chai and vibin’ ☕",0,0,0,1,0
Reclining in lounge chair,0,0,0,1,0
Nap + soft tunes = bliss 😌,0,0,0,1,0
Just vibin’ with music,0,0,0,1,0
"Bro, watching the sky turn orange 🌇",0,0,0,1,0
"Lying in bed, relaxed 😴",0,0,0,1,0
Evening sun hitting the quad 🌞,0,0,0,1,0
"Bro, soft music and snacks ready 🎶🍫",0,0,0,1,0
"Quiet room, laptop closed 💻",0,0,0,1,0
Just drifting into thoughts,0,0,0,1,0
"Bro, hammock mode activated",0,0,0,1,0
"Sitting by pond, listening 🌊",0,0,0,1,0
Chillin’ on the terrace ☀️,0,0,0,1,0
"Bro, munching Maggi quietly",0,0,0,1,0
"Slow campus walk, nothing urgent 🌿",0,0,0,1,0
"Hanging with friend, no rush",0,0,0,1,0
"Bro, sipping coffee and scrolling ☕",0,0,0,1,0
"Library vibes, headphones on",0,0,0,1,0
Just staring at ceiling for fun,0,0,0,1,0
"Bro, eating snacks and vibin’ 🍫",0,0,0,1,0
Evening wind is nice 🌬️,0,0,0,1,0
"Lazy Sunday, soft tunes 🎶",0,0,0,1,0
"Bro, relaxing, nothing planned",0,0,0,1,0
"Just lying on the hostel bed, vibin’ 😌",0,0,0,1,0
"Bro, scrolling through memes while sipping tea ☕",0,0,0,1,0
Take lite,0,0,0,1,0
What are you so stressed about? Take lite,0,0,0,1,0
"Bro, take lite. Everything will be all right.",0,0,0,1,0
Listening to lo-fi and ignoring everything 🎶,0,0,0,1,0
"Bro, kinda tired but still chilling",0,0,0,1,0
"Hammock mode activated, soft music on 🎧",0,0,0,1,0
Just daydreaming by the window,0,0,0,1,0
"Bro, TikTok scrolls taking forever 😎",0,0,0,1,0
Just vibing in the library quietly 😌,0,0,0,1,0
"Bro, doodling while waiting for the class to start",0,0,0,1,0
Sipping chai and watching people pass ☕,0,0,0,1,0
"Lazy walk around campus, nothing important 🌿",0,0,0,1,0
"Bro, staring at ceiling thinking about nothing",0,0,0,1,0
"Chilling on the terrace, soft breeze hitting 🌬️",0,0,0,1,0
Mid-afternoon nap in the common room 😴,0,0,0,1,0
"Bro, just listening to music and relaxing",0,0,0,1,0
"Lying on the grass, watching clouds drift ☁️",0,0,0,1,0
Coffee + soft playlist = perfect mood ☕🎶,0,0,0,1,0
"Reclining in the lounge, doing nothing",0,0,0,1,0
"Bro, catching up on memes before class",0,0,0,1,0
"Quiet corner in the library, headphones on 🎧",0,0,0,1,0
"Sitting outside, enjoying evening sun 🌇",0,0,0,1,0
"Bro, munching snacks and vibing",0,0,0,1,0
"Lazy evening, scrolling Insta while lying down",0,0,0,1,0
Soft tunes playing while chilling in hostel 😌,0,0,0,1,0
"Bro, sipping tea and staring at ceiling ☕",0,0,0,1,0
"Just drifting in thoughts, nothing urgent",0,0,0,1,0
Watching sunset from the roof terrace 🌅,0,0,0,1,0
"Bro, eating Maggi while scrolling YouTube",0,0,0,1,0
"Sitting in lounge, music and snacks ready 🎶🍫",0,0,0,1,0
"Relaxing on the quad, no one disturbing",0,0,0,1,0
"Bro, soft playlist and a warm cup of coffee ☕",0,0,0,1,0
"Lying in hammock, watching the sky turn orange 🌇",0,0,0,1,0
"Mid-day nap, soft lighting, perfect chill 😴",0,0,0,1,0
"Bro, just vibing with soft music",0,0,0,1,0
"Sitting by pond, listening to water flow 🌊",0,0,0,1,0
"Chilling quietly, scrolling through Reddit 😌",0,0,0,1,0
"Bro, laying back and munching snacks",0,0,0,1,0
"Lazy walk to the cafeteria, no rush 🌿",0,0,0,1,0
"Listening to chill beats, nothing urgent 🎶",0,0,0,1,0
"Bro, watching the stars while sipping chai ☕",0,0,0,1,0
"Reclining in hostel room, doing nothing",0,0,0,1,0
"Soft tunes, warm tea, total relaxation ☕🎶",0,0,0,1,0
"Bro, lying on terrace, wind in my hair 🌬️",0,0,0,1,0
"Chillin’ with music and snacks, no stress 😌",0,0,0,1,0
Mid-evening nap with soft playlist 🎧,0,0,0,1,0
"Bro, scrolling memes while sun sets 🌅",0,0,0,1,0
"Sitting on the quad, listening to chill beats 🎶",0,0,0,1,0
"Tried cooking Maggi, now it looks like lava 😅",0,0,0,0,1
My laptop decided to freeze right when I typed “submit”,0,0,0,0,1
"Bro, forgot my pen and now I’m pretending to write",0,0,0,0,1
Mess chutney tastes like regret,0,0,0,0,1
"Accidentally walked into the wrong classroom, awkward af 😳",0,0,0,0,1
"Tried lifting a bag, almost pulled a muscle 💪",0,0,0,0,1
That group project feels like assembling IKEA furniture without instructions,0,0,0,0,1
"Bro, my headphones tangled themselves again",0,0,0,0,1
"Spilled chai on my notes, they now look like abstract art",0,0,0,0,1
Mess pizza is a slice of disappointment 😩,0,0,0,0,1
"Tried talking to my crush, ended up saying “hi hi hi” three times",0,0,0,0,1
My hostel room smells like leftover Maggi 🍜,0,0,0,0,1
"Bro, accidentally sent a meme to the prof",0,0,0,0,1
Library quiet got broken by my own cough,0,0,0,0,1
Wifi went down and I had a panic attack 💻,0,0,0,0,1
Lab partner wrote “H2O” as “HO2”,0,0,0,0,1
Forgot my ID card and got trapped outside 😳,0,0,0,0,1
"Bro, spilled water on the keyboard again",0,0,0,0,1
"Tried making coffee, ended up with a brown liquid horror",0,0,0,0,1
Mess dal today looks like mud 😩,0,0,0,0,1
"Went to class in slippers, forgot shoes",0,0,0,0,1
Hostel mosquito thinks I’m a buffet 🦟,0,0,0,0,1
"Bro, printer ate my assignment paper",0,0,0,0,1
Random fire alarm went off during my nap,0,0,0,0,1
Lab experiment exploded but no one saw 😭,0,0,0,0,1
"Tried dancing, ended up hitting the wall",0,0,0,0,1
Canteen paneer cubes are actually rubber 🧀,0,0,0,0,1
"Bro, accidentally called the prof “mom”",0,0,0,0,1
Walked into the door while looking at phone,0,0,0,0,1
Mess bread today is straight from the stone oven 😩,0,0,0,0,1
"Tried singing in shower, neighbor applauded",0,0,0,0,1
Hostel Wi-Fi gave me the “404 friend not found” error 💻,0,0,0,0,1
"Bro, fell asleep in class and snored loud",0,0,0,0,1
Group chat is full of random memes only,0,0,0,0,1
Midterm prep feels like solving Sudoku blindfolded 😵,0,0,0,0,1
Lab assistant asked me “Why are you here?” when I was early,0,0,0,0,1
Mess soup today looks like swamp water 🌊,0,0,0,0,1
"Bro, my bag exploded and all papers flew",0,0,0,0,1
Accidentally sent “lol” to the prof,0,0,0,0,1
Hostel elevator stops like it’s on vacation 🛗,0,0,0,0,1
"Tried jogging, ended up crawling",0,0,0,0,1
Mess chapati is thinner than my patience 😩,0,0,0,0,1
"Bro, my pen ran out mid-quiz",0,0,0,0,1
"Walked into a glass door, clear and cruel",0,0,0,0,1
Lab chemicals mixed themselves somehow 💥,0,0,0,0,1
"Tried studying, ended up making doodles",0,0,0,0,1
Hostel fan sounds like a helicopter 🌀,0,0,0,0,1
"Bro, my phone autocorrected “yes” to “yeast”",0,0,0,0,1
Mess rice today looks like sticky glue,0,0,0,0,1
"Tried opening bag, zipper betrayed me 😅",0,0,0,0,1
"Bro, tried cooking noodles, now it looks like soup 😅",0,0,0,0,1
My hostel room smells like burnt toast,0,0,0,0,1
Accidentally sent a meme to the prof,0,0,0,0,1
Mess rice tastes like rubber,0,0,0,0,1
"Walked into a glass door, almost kissed it 😳",0,0,0,0,1
"Tried lifting my bag, it felt like 50 kg 💪",0,0,0,0,1
Group project feels like a never-ending game,0,0,0,0,1
"Bro, headphones tangled themselves again",0,0,0,0,1
Mess chutney today is pure lava 🌶️,0,0,0,0,1
My laptop froze mid-assignment 😩,0,0,0,0,1
"Tried singing in the shower, neighbors laughed",0,0,0,0,1
Hostel fan sounds like a helicopter 🌀,0,0,0,0,1
"Bro, printer ate my last page",0,0,0,0,1
Accidentally called my lab partner “mom”,0,0,0,0,1
Wifi cut out in the middle of submission 💻,0,0,0,0,1
Mess dal looks like swamp water,0,0,0,0,1
Forgot my pen again 😳,0,0,0,0,1
"Bro, spilled water on my notebook",0,0,0,0,1
Lab chemicals smelled funny 💥,0,0,0,0,1
"Tried coding, ended up googling memes 😅",0,0,0,0,1
"Walking to class, tripped on nothing",0,0,0,0,1
Mess chapati today is thinner than paper,0,0,0,0,1
"Bro, bag zipper broke mid-walk",0,0,0,0,1
Late-night snack tasted like sadness 🍕,0,0,0,0,1
Elevator stopped while I was inside 😩,0,0,0,0,1
"Tried dancing, hit the wall",0,0,0,0,1
Hostel mosquito thinks I’m a buffet 🦟,0,0,0,0,1
"Bro, accidentally texted prof “lol”",0,0,0,0,1
Library quiet got ruined by my cough,0,0,0,0,1
Mess soup today is extra watery 🌊,0,0,0,0,1
Midterm prep feels like Sudoku blindfolded,0,0,0,0,1
"Bro, forgot to submit the assignment",0,0,0,0,1
"Tried making coffee, ended up with brown sludge ☕",0,0,0,0,1
Hostel Wi-Fi gave me 404 error 💻,0,0,0,0,1
Mess pizza today looks like cardboard 😩,0,0,0,0,1
Walked into the wrong classroom,0,0,0,0,1
"Bro, spilled juice on my notes",0,0,0,0,1
Lab partner added random chemicals 💥,0,0,0,0,1
Snack tasted like disappointment 🍫,0,0,0,0,1
"Tried jogging, ended up crawling 😅",0,0,0,0,1
"Sitting on terrace, watching clouds ☁️",0,0,0,0,1
"Bro, headphones broke mid-song",0,0,0,0,1
Mess bread today is rock hard,0,0,0,0,1
"Tried studying, ended up doodling",0,0,0,0,1
Hostel fan makes weird noises 🌀,0,0,0,0,1
"Bro, forgot water bottle again",0,0,0,0,1
Mess dal today tastes like mud 😩,0,0,0,0,1
Laptop battery died mid-lecture 💻,0,0,0,0,1
"Walking to library, stepped on a snail 😳",0,0,0,0,1
Late-night coding felt like an extreme sport 😅,0,0,0,0,1
"Bro, tried cooking noodles, now it looks like lava 😅",0,0,0,0,1
Mess dal tastes like swamp water,0,0,0,0,1
"Forgot my pen again, oops",0,0,0,0,1
Hostel fan sounds like a helicopter,0,0,0,0,1
"Walked into a glass door, almost kissed it 😳",0,0,0,0,1
Mess bread today is harder than my patience,0,0,0,0,1
"Bro, my bag exploded mid-walk",0,0,0,0,1
Laptop froze mid-assignment,0,0,0,0,1
"Tried making coffee, ended up with sludge ☕",0,0,0,0,1
Hostel mosquito thinks I’m a buffet 🦟,0,0,0,0,1
"Bro, printed my assignment upside down",0,0,0,0,1
Mess rice tastes like cardboard,0,0,0,0,1
Group project feels like assembling IKEA without instructions,0,0,0,0,1
Accidentally sent meme to the prof,0,0,0,0,1
"Tried dancing, hit the wall 💃",0,0,0,0,1
"Bro, spilled water on my notebook",0,0,0,0,1
Late-night snack tasted like sadness,0,0,0,0,1
Wifi cut out mid-online lecture,0,0,0,0,1
Midterm prep feels like Sudoku blindfolded 😵,0,0,0,0,1
Hostel AC sounds like a rocket 🚀,0,0,0,0,1
"Bro, walked into the wrong classroom",0,0,0,0,1
Mess chutney today is pure lava,0,0,0,0,1
Lab partner added random chemicals 💥,0,0,0,0,1
Snack tasted like disappointment,0,0,0,0,1
"Tried jogging, ended up crawling 😅",0,0,0,0,1
"Bro, accidentally called the prof “mom”",0,0,0,0,1
Mess chapati today is paper thin,0,0,0,0,1
Library quiet got broken by my cough,0,0,0,0,1
Laptop battery died mid-lecture,0,0,0,0,1
"Tried coding, ended up googling memes 😅",0,0,0,0,1
"Bro, spilled juice on my notes",0,0,0,0,1
"Sitting on terrace, watching clouds",0,0,0,0,1
Hostel fan makes weird noises,0,0,0,0,1
Mess pizza today looks like cardboard,0,0,0,0,1
"Tried studying, ended up doodling 😅",0,0,0,0,1
"Bro, forgot water bottle again",0,0,0,0,1
Hostel Wi-Fi gave 404 error,0,0,0,0,1
Walked into door while looking at phone,0,0,0,0,1
Mess dal today tastes like mud,0,0,0,0,1
Late-night coding felt like extreme sport 😅,0,0,0,0,1
"Bro, misread the timetable and came too early",0,0,0,0,1
Snack in cafeteria tastes like rubber,0,0,0,0,1
"Printing assignment, printer ate half of it",0,0,0,0,1
"Tried singing in shower, neighbors laughed 😅",0,0,0,0,1
Mess soup today is watery,0,0,0,0,1
"Bro, tripped over nothing while walking",0,0,0,0,1
Laptop froze right when I typed “submit”,0,0,0,0,1
Mess bread today is rock hard,0,0,0,0,1
Group project chat is full of memes 🤣,0,0,0,0,1
"Bro, accidentally sent “lol” to the prof",0,0,0,0,1
"Tried cooking Maggi, now it’s a lava river 😅",0,0,0,0,1
Mess rice tastes weird,0,0,0,0,1
"Bro, headphones tangled themselves again",0,0,0,0,1
"Walking to class, stepped on a snail",0,0,0,0,1
Hostel generator buzzed all night ⚡,0,0,0,0,1
"Bro, bag zipper broke mid-walk",0,0,0,0,1
Mess pizza today looks like disaster,0,0,0,0,1
"Tried making coffee, ended up with brown liquid",0,0,0,0,1
Hostel fan sounds like a jet,0,0,0,0,1
"Bro, printed assignment upside down",0,0,0,0,1
Late-night snack tastes like sadness,0,0,0,0,1
"Walking into library, tripped over bag",0,0,0,0,1
"Bro, lab partner wrote H2O as HO2 😅",0,0,0,0,1
Wifi went down mid-online lecture,0,0,0,0,1
Mess dal looks like swamp water 🌊,0,0,0,0,1
"Bro, notebook exploded, papers everywhere",0,0,0,0,1
"Tried dancing, hit the wall",0,0,0,0,1
Hostel AC sounds like rocket,0,0,0,0,1
Mess bread today is thin as paper,0,0,0,0,1
"Bro, spilled juice on notes",0,0,0,0,1
Group project feels like assembling IKEA without manual,0,0,0,0,1
Laptop froze mid-lecture,0,0,0,0,1
"Bro, forgot pen again",0,0,0,0,1
Mess soup tastes like water,0,0,0,0,1
"Tried jogging, ended up crawling 😅",0,0,0,0,1
"Bro, walked into wrong classroom",0,0,0,0,1
Hostel mosquito thinks I’m a buffet,0,0,0,0,1
Snack tasted like disappointment,0,0,0,0,1
Late-night coding felt like extreme sport,0,0,0,0,1
"Bro, printer ate half my assignment 💻",0,0,0,0,1
Mess pizza today looks like cardboard,0,0,0,0,1
"Bro, spilled water on notebook",0,0,0,0,1
"Tried making coffee, ended up with sludge",0,0,0,0,1
Hostel fan sounds like helicopter,0,0,0,0,1
"Bro, walked into glass door",0,0,0,0,1
Mess bread today is rock hard,0,0,0,0,1
Group project chat full of memes,0,0,0,0,1
"Bro, forgot water bottle",0,0,0,0,1
Lab partner added random chemicals,0,0,0,0,1
Snack in cafeteria tastes like rubber,0,0,0,0,1
"Bro, laptop froze right when typing submit",0,0,0,0,1
"Tried cooking noodles, looks like lava 😅",0,0,0,0,1
Wifi cut out mid-online class,0,0,0,0,1
Mess dal today tastes like mud,0,0,0,0,1
"Bro, accidentally called prof “mom”",0,0,0,0,1
"Printing assignment, printer ate half",0,0,0,0,1
Hostel AC sounds like rocket,0,0,0,0,1
"Bro, headphones tangled again",0,0,0,0,1
Mess rice tastes weird 🌾,0,0,0,0,1
Late-night coding feels like extreme sport 😅,0,0,0,0,1
